-- Dados

--
-- Extraindo dados da tabela `usuarios`
--

INSERT INTO `usuarios` (`id`, `tipo`, `nome`, `email`, `senha`, `data_de_nascimento`, `imagem`) VALUES
(1, '0', 'Admnistrador', 'admin@ratemovies.com', 'admin', '2001-03-19', ''),
(4, '1', 'Bob Esponja', 'bob.sponja@gmail.com', 'senha', '1990-05-01', '/e4ba330b80a5f230ce48232726d2b104.jpg'),
(5, '1', 'Patrick', 'patrik@gmail.com', 'senha', '1992-11-18', '/1f8edd47ed4cf29ac3f4711f87e9686a.jpg'),
(6, '1', 'Po', 'po@gmail.com', 'senha', '1988-07-25', '/b3c101a34aee155dec6ccae31f54c432.jpg'),
(7, '1', 'Shifu', 'shifu@gmail.com', 'senha', '1985-02-10', '/3881d2d669eba65c2ece7da38452cb8b.jpg'),
(8, '1', 'Tigresa', 'tigresa@gmail.com', 'senha', '1994-09-03', '/67e869dc61ddfaf0855b9ddb8c3498a1.jpg'),
(9, '1', 'Garça', 'garca@gmail.com', 'senha', '1991-06-15', '/f8b7e273abbe3d6c1581d38bde7ab735.jpg'),
(10, '1', 'Cobra', 'cobra@gmail.com', 'senha', '1993-12-27', '/81372071d71b7f5fd2c5702177e144d7.jpg'),
(11, '1', 'Gafanhoto', 'gafanhoto@gmail.com', 'senha', '1997-03-22', '/30b3325d420a4d110b7b814a976863b5.jpg'),
(12, '1', 'Macaco', 'macaco@gmail.com', 'senha', '1989-08-08', '/37b39bce1aa3bd4feb1489135e6f6502.jpg'),
(13, '1', 'Sandy', 'sandy@gmail.com', 'senha', '1996-04-11', '/549b1b190b4f7f01c4cf10430442a11e.jpg'),
(14, '1', 'Sr Sirigueijo', 'seu.sirigueijo@gmail.com', 'senha', '1992-10-04', '/631a88b44623df2a1ea3e47bac693720.jpg'),
(15, '1', 'Perna Longa', 'perna.longa@gmail.com', 'senha', '1995-01-28', '/977405238e799741d42a41757f67e3fc.jpg'),
(16, '1', 'Patolino', 'patolino@gmail.com', 'senha', '1990-07-07', '/b6e036d729a4956acb45f1fed8da8ebd.jpg'),
(17, '1', 'Taz', 'taz@gmail.com', 'senha', '1987-03-14', '/1c0e3af9c0d7889d7b53dc07081066db.jpg'),
(18, '1', 'Phineas', 'phineas@gmail.com', 'senha', '1993-09-29', '/7860dc69ce428846a00a97ca9718903a.jpg'),
(19, '1', 'Ferb', 'ferb@gmail.com', 'senha', '1991-11-22', '/e12161d8890f3a3d75ecbe6109dc2179.jpg'),
(20, '1', 'Candace', 'candice@gmail.com', 'senha', '1994-06-03', '/89b77ff8a941162a2d106fe4609895b4.jpg'),
(21, '1', 'Capitão', 'capitao@gmail.com', 'senha', '1996-02-16', '/88796e84d373c2719d2ecb11f0b4b778.jpg'),
(22, '1', 'Recruta', 'recruta@gmail.com', 'senha', '1999-08-19', '/3730a7a03b0bbfbccbe8f955ae51fe64.jpg'),
(23, '1', 'Rico', 'rico@gmail.com', 'senha', '1997-05-07', '/a13abf9d5c6e9fbcef0bfa1639cf266c.jpg'),
(24, '1', 'Kowalski', 'kowalski@gmail.com', 'senha', '1992-12-08', '/e54fb56e91189be4c0044e202211b7a7.jpg');

INSERT INTO `filmes` (`id`, `titulo`, `descricao`, `imagem`, `datac`) VALUES
(1865, 'Piratas do Caribe: Navegando em Águas Misteriosas', 'O passado do capitão Jack Sparrow volta a alcançá-lo quando ele cruza com Angelica, uma bonita pirata que Jack, um dia, amou e depois abandonou. Ela, então, o força a acompanhá-la ao navio Vingança da Rainha Ana, do famoso Barba Negra. Junto com uma tripulação de zumbis, o trio parte em busca da lendária Fonte da Juventude. Mas o rival de Jack, Barbossa, também cobiça a fonte, assim como um navio espanhol.', '/rdOc15GIOGJMqgsQXHUNeVHvVzM.jpg', '2011-05-14'),
(7518, 'Os Sem-Floresta', 'A primavera chegou, o que faz com que os animais da floresta despertem da hibernação. Ao acordar eles logo têm uma surpresa: surgiu ao redor de seu habitat natural uma grande cerca verde. Inicialmente eles temem o que há por detrás da cerca, até que RJ revela que foi construída uma cidade ao redor da floresta em que vivem, que agora ocupa apenas um pequeno espaço. RJ diz ainda que no mundo dos humanos há as mais diversas guloseimas, convencendo os demais a atravessar a cerca. Entretanto esta atitude desagrada o cauteloso Verne, que achava melhor permanecer onde estavam inicialmente.', '/cNPhs8Gkm1SJ4vuZDnytZnj1EsY.jpg', '2006-05-17'),
(10681, 'WALL-E', 'Depois de milhares de solitários anos fazendo o que ele foi construído para fazer, o curioso e adorável WALL-E encontra uma nova razão para viver quando conhece uma robô de busca de alto design chamada EVA.', '/2Wjn5vxvJmomJQkLuUwyX2hBaif.jpg', '2008-06-22'),
(76600, 'Avatar: O Caminho da Água', '12 anos depois de explorar Pandora e se juntar aos Na&#039;vi, Jake Sully formou uma família com Neytiri e se estabeleceu entre os clãs do novo mundo. Porém, a paz não durará para sempre.', '/mbYQLLluS651W89jO7MOZcLSCUw.jpg', '2022-12-14'),
(299534, 'Vingadores: Ultimato', 'Após os eventos devastadores de &quot;Vingadores: Guerra Infinita&quot;, o universo está em ruínas devido aos esforços do Titã Louco, Thanos. Com a ajuda de aliados remanescentes, os Vingadores devem se reunir mais uma vez a fim de desfazer as ações de Thanos e restaurar a ordem no universo de uma vez por todas, não importando as consequências.', '/q6725aR8Zs4IwGMXzZT8aC8lh41.jpg', '2019-04-24'),
(361743, 'Top Gun: Maverick', 'Depois de mais de 30 anos de serviço como um dos principais aviadores da Marinha, Pete &quot;Maverick&quot; Mitchell está de volta, rompendo os limites como um piloto de testes corajoso. No mundo contemporâneo das guerras tecnológicas, Maverick enfrenta drones e prova que o fator humano ainda é essencial.', '/62HCnUTziyWcpDaBO2i1DX17ljH.jpg', '2022-05-24'),
(379686, 'Space Jam: Um Novo Legado', 'O superastro do basquete LeBron James se junta à gangue Looney Tunes para derrotar o Goon Squad e salvar seu filho.', '/kU0NbsUVoUMcYxoISmBCxFmgWYC.jpg', '2021-07-08'),
(496243, 'Parasita', 'Toda a família de Ki-taek está desempregada, vivendo num porão sujo e apertado. Uma obra do acaso faz com que o filho adolescente da família comece a dar aulas de inglês à garota de uma família rica. Fascinados com a vida luxuosa destas pessoas, pai, mãe, filho e filha bolam um plano para se infiltrarem também na família burguesa, um a um. No entanto, os segredos e mentiras necessários à ascensão social custarão caro a todos.', '/igw938inb6Fy0YVcwIyxQ7Lu5FO.jpg', '2019-05-30'),
(634649, 'Homem-Aranha: Sem Volta Para Casa', 'Peter Parker é desmascarado e não consegue mais separar sua vida normal dos grandes riscos de ser um super-herói. Quando ele pede ajuda ao Doutor Estranho, os riscos se tornam ainda mais perigosos, e o forçam a descobrir o que realmente significa ser o Homem-Aranha...', '/fVzXp3NwovUlLe7fvoRynCmBPNc.jpg', '2021-12-15'),
(705861, 'Arremessando Alto', 'Um olheiro de basquete azarado encontra um jogador com potencial de sucesso e se esforça para provar que ambos merecem chegar à NBA.', '/25aPHMlZNP5F3fgxUo4XB7xUVz7.jpg', '2022-06-03');


--
-- Extraindo dados da tabela `avalia`
--

INSERT INTO `avalia` (`id`, `id_filme`, `id_usuario`, `nota`, `comentario`, `datac`) VALUES
(33, 7518, 4, 2, 'Regularzinho, poderia ser melhor', '2021-07-19 00:00:00'),
(34, 7518, 5, 1, 'Não gostei, fraco', '2021-08-02 00:00:00'),
(35, 7518, 6, 5, 'Sensacional! Recomendo demais', '2021-09-14 00:00:00'),
(36, 7518, 7, 3, 'Ok, mas esperava mais', '2021-10-27 00:00:00'),
(37, 7518, 8, 4, 'Muito bom, me diverti bastante', '2021-11-30 00:00:00'),
(38, 7518, 9, 2, 'Decepcionante, não recomendo', '2022-01-12 00:00:00'),
(39, 7518, 10, 0, 'Péssimo, não vale a pena', '2022-02-25 00:00:00'),
(40, 7518, 11, 4, 'Excelente! Adorei a animação', '2022-04-09 00:00:00'),
(41, 7518, 12, 3, 'Regular, poderia ser melhor', '2022-05-22 00:00:00'),
(42, 7518, 13, 1, 'Fraco, não me empolgou', '2022-07-05 00:00:00'),
(43, 7518, 14, 5, 'Incrível! Um dos melhores filmes que já vi', '2022-08-18 00:00:00'),
(44, 7518, 15, 2, 'Mediano, não me impressionou', '2022-09-30 00:00:00'),
(45, 7518, 16, 3, 'Bom filme, mas esperava mais', '2022-11-12 00:00:00'),
(46, 7518, 17, 4, 'Muito engraçado, ri do começo ao fim', '2022-12-25 00:00:00'),
(47, 7518, 18, 3, 'Legal, mas não achei excepcional', '2023-02-06 00:00:00'),
(48, 7518, 19, 5, 'Maravilhoso! Recomendo para todos', '2023-03-21 00:00:00'),
(49, 7518, 20, 2, 'Não gostei, achei infantil demais', '2023-05-04 00:00:00'),
(50, 7518, 21, 4, 'Divertido, vale a pena assistir', '2023-06-07 00:00:00'),
(51, 7518, 22, 3, 'Mais ou menos, esperava algo melhor', '2023-06-07 00:00:00'),
(52, 7518, 23, 1, 'Horrível, perda de tempo', '2023-06-07 00:00:00'),
(53, 7518, 24, 5, 'Fantástico! Um dos meus favoritos', '2023-06-07 00:00:00'),
(55, 379686, 4, 3, 'Divertido, mas não superou o primeiro', '2021-07-21 00:00:00'),
(56, 379686, 5, 4, 'Ótimo filme, recomendo', '2021-08-05 00:00:00'),
(57, 379686, 6, 5, 'Incrível! Adorei a mistura de animação e atores reais', '2021-09-16 00:00:00'),
(58, 379686, 7, 2, 'Decepcionante, esperava mais', '2021-10-29 00:00:00'),
(59, 379686, 8, 4, 'Muito engraçado, ri do começo ao fim', '2021-12-02 00:00:00'),
(60, 379686, 9, 3, 'Legal, mas o primeiro é melhor', '2022-01-15 00:00:00'),
(61, 379686, 10, 5, 'Espetacular! Um filme nostálgico e divertido', '2022-02-28 00:00:00'),
(62, 379686, 11, 4, 'Excelente! Recomendo para fãs do primeiro', '2022-04-12 00:00:00'),
(63, 379686, 12, 2, 'Fraco, não gostei das mudanças', '2022-05-25 00:00:00'),
(64, 379686, 13, 3, 'Mediano, poderia ser melhor', '2022-07-07 00:00:00'),
(65, 379686, 14, 5, 'Fantástico! Superou minhas expectativas', '2022-08-20 00:00:00'),
(66, 379686, 15, 4, 'Muito bom, me diverti bastante', '2022-10-02 00:00:00'),
(67, 379686, 16, 2, 'Não gostei, não tem o mesmo charme do original', '2022-11-14 00:00:00'),
(68, 379686, 17, 4, 'Ótimo filme para assistir em família', '2022-12-27 00:00:00'),
(69, 379686, 18, 3, 'Ok, mas esperava mais da trama', '2023-02-08 00:00:00'),
(70, 379686, 19, 5, 'Maravilhoso! Amei a interação entre os personagens', '2023-03-23 00:00:00'),
(71, 379686, 20, 2, 'Fraco, não recomendo', '2023-05-06 00:00:00'),
(73, 496243, 9, 5, 'Obra-prima! Roteiro e atuações brilhantes', '2021-07-21 00:00:00'),
(74, 496243, 10, 4, 'Impactante e surpreendente', '2021-08-05 00:00:00'),
(75, 496243, 11, 5, 'Um filme que te faz refletir sobre desigualdade social', '2021-09-16 00:00:00'),
(76, 496243, 12, 3, 'Interessante, mas não atingiu minhas expectativas', '2021-10-29 00:00:00'),
(77, 496243, 13, 4, 'Merecedor de todos os prêmios que recebeu', '2021-12-02 00:00:00'),
(78, 496243, 14, 5, 'Incrível! Não conseguia desgrudar os olhos da tela', '2022-01-15 00:00:00'),
(79, 496243, 15, 4, 'Tenso e cativante do início ao fim', '2022-02-28 00:00:00'),
(80, 496243, 16, 2, 'Não gostei, não entendi o hype em torno desse filme', '2022-04-12 00:00:00'),
(81, 496243, 17, 5, 'Amei cada reviravolta, um dos melhores filmes que já vi', '2022-05-25 00:00:00'),
(82, 496243, 18, 4, 'Excelente retrato da sociedade, recomendo', '2022-07-07 00:00:00'),
(83, 496243, 19, 3, 'Bom, mas esperava algo diferente', '2022-08-20 00:00:00'),
(84, 496243, 20, 5, 'Genial! Um filme que te faz pensar', '2022-10-02 00:00:00'),
(85, 496243, 21, 4, 'Surpreendente e original, vale a pena assistir', '2022-11-14 00:00:00'),
(86, 496243, 22, 3, 'Interessante, mas não me envolveu completamente', '2022-12-27 00:00:00'),
(87, 496243, 23, 5, 'Impactante e necessário, uma obra-prima do cinema', '2023-02-08 00:00:00'),
(88, 496243, 24, 2, 'Não entendi o hype, achei entediante', '2023-03-23 00:00:00'),
(90, 10681, 12, 5, 'Uma animação encantadora e emocionante', '2021-07-21 00:00:00'),
(91, 10681, 13, 4, 'Adorei a mensagem e a ambientação do filme', '2021-08-05 00:00:00'),
(92, 10681, 14, 5, 'Uma história cativante com personagens carismáticos', '2021-09-16 00:00:00'),
(93, 10681, 15, 3, 'Legal, mas não é um dos meus favoritos da Pixar', '2021-10-29 00:00:00'),
(94, 10681, 16, 4, 'Visualmente impressionante e emocionalmente poderoso', '2021-12-02 00:00:00'),
(95, 10681, 17, 5, 'Uma obra-prima da animação, recomendo a todos', '2022-01-15 00:00:00'),
(96, 10681, 18, 4, 'Toque sensível e reflexivo sobre o futuro da humanidade', '2022-02-28 00:00:00'),
(97, 10681, 19, 2, 'Não me conectei muito com a história', '2022-04-12 00:00:00'),
(98, 10681, 20, 5, 'Um filme que mostra a importância da preservação ambiental', '2022-05-25 00:00:00'),
(99, 10681, 21, 4, 'Divertido e emocionante ao mesmo tempo', '2022-07-07 00:00:00'),
(100, 10681, 22, 3, 'Uma animação bonita, porém não me surpreendeu', '2022-08-20 00:00:00'),
(101, 10681, 23, 5, 'Um clássico moderno, cheio de ternura e crítica social', '2022-10-02 00:00:00'),
(102, 10681, 24, 4, 'Adorei a história e a mensagem por trás do filme', '2022-11-14 00:00:00'),
(103, 10681, 4, 3, 'Um filme interessante, mas não é meu favorito da Pixar', '2022-12-27 00:00:00'),
(104, 10681, 5, 5, 'Maravilhoso! Uma obra-prima da animação', '2023-02-08 00:00:00'),
(105, 10681, 6, 2, 'Não gostei muito, achei monótono', '2023-03-23 00:00:00'),
(107, 299534, 15, 5, 'Épico! Ação e emoção do início ao fim', '2021-07-21 00:00:00'),
(108, 299534, 16, 4, 'Um desfecho grandioso para o universo Marvel', '2021-08-05 00:00:00'),
(109, 299534, 17, 5, 'Amei ver todos os heróis juntos nessa batalha final', '2021-09-16 00:00:00'),
(110, 299534, 18, 3, 'Esperava mais, achei um pouco confuso', '2021-10-29 00:00:00'),
(111, 299534, 19, 4, 'Uma experiência cinematográfica imperdível', '2021-12-02 00:00:00'),
(112, 299534, 20, 5, 'Um filme que ficará marcado na história do cinema', '2022-01-15 00:00:00'),
(113, 299534, 21, 4, 'Ação eletrizante e momentos emocionantes', '2022-02-28 00:00:00'),
(114, 299534, 22, 2, 'Não entendi muito bem o enredo, achei longo demais', '2022-04-12 00:00:00'),
(115, 299534, 23, 5, 'Um final épico para a saga dos Vingadores', '2022-05-25 00:00:00'),
(116, 299534, 24, 4, 'Adorei ver todas as referências e easter eggs', '2022-07-07 00:00:00'),
(117, 299534, 4, 3, 'Gostei, mas acho que esperava mais impacto', '2022-08-20 00:00:00'),
(118, 299534, 5, 5, 'Uma verdadeira obra de arte dos super-heróis', '2022-10-02 00:00:00'),
(119, 299534, 6, 4, 'Um filme que emociona e faz justiça aos fãs', '2022-11-14 00:00:00'),
(120, 299534, 7, 3, 'Um pouco longo demais, mas com cenas incríveis', '2022-12-27 00:00:00'),
(121, 299534, 8, 5, 'Simplesmente incrível! Um marco no cinema', '2023-02-08 00:00:00'),
(122, 299534, 9, 2, 'Não gostei, achei muito previsível', '2023-03-23 00:00:00'),
(124, 76600, 18, 5, 'A sequência aguardada com muita expectativa', '2021-07-21 00:00:00'),
(125, 76600, 19, 4, 'Visualmente impressionante, uma experiência imersiva', '2021-08-05 00:00:00'),
(126, 76600, 20, 5, 'A história continua envolvente e cativante', '2021-09-16 00:00:00'),
(127, 76600, 21, 3, 'Demorou muito para sair, mas valeu a pena', '2021-10-29 00:00:00'),
(128, 76600, 22, 4, 'Ação e efeitos especiais de tirar o fôlego', '2021-12-02 00:00:00'),
(129, 76600, 23, 5, 'Uma continuação que honra o primeiro filme', '2022-01-15 00:00:00'),
(130, 76600, 24, 4, 'Gostei da expansão do universo de Avatar', '2022-02-28 00:00:00'),
(131, 76600, 4, 2, 'Não achei tão impactante quanto o original', '2022-04-12 00:00:00'),
(132, 76600, 5, 5, 'James Cameron mais uma vez entregou um espetáculo', '2022-05-25 00:00:00'),
(133, 76600, 6, 4, 'Fiquei impressionado com as cenas subaquáticas', '2022-07-07 00:00:00'),
(134, 76600, 7, 3, 'Uma boa continuação, mas faltou algo especial', '2022-08-20 00:00:00'),
(135, 76600, 8, 5, 'Aguardava ansiosamente por essa continuação', '2022-10-02 00:00:00'),
(136, 76600, 9, 4, 'Avatar 2 não decepcionou, foi além das expectativas', '2022-11-14 00:00:00'),
(137, 76600, 10, 3, 'Algumas cenas são incríveis, outras nem tanto', '2022-12-27 00:00:00'),
(138, 76600, 11, 5, 'Uma nova imersão no mundo de Pandora', '2023-02-08 00:00:00'),
(139, 76600, 12, 2, 'Esperava mais inovação e surpresas', '2023-03-23 00:00:00'),
(141, 1865, 21, 5, 'Aventura emocionante com muita ação e humor', '2021-07-21 00:00:00'),
(142, 1865, 22, 4, 'Johnny Depp está incrível como Jack Sparrow', '2021-08-05 00:00:00'),
(143, 1865, 23, 5, 'Uma saga pirata cheia de reviravoltas', '2021-09-16 00:00:00'),
(144, 1865, 24, 3, 'Achei um pouco longo, mas as cenas de ação são ótimas', '2021-10-29 00:00:00'),
(145, 1865, 4, 4, 'Um clássico moderno dos filmes de aventura', '2021-12-02 00:00:00'),
(146, 1865, 5, 5, 'Inesquecível! Um dos meus filmes favoritos', '2022-01-15 00:00:00'),
(147, 1865, 6, 4, 'Personagens carismáticos e trama envolvente', '2022-02-28 00:00:00'),
(148, 1865, 7, 2, 'Não sou fã de filmes de piratas, mas esse foi ok', '2022-04-12 00:00:00'),
(149, 1865, 8, 5, 'Uma franquia que nunca perde a essência', '2022-05-25 00:00:00'),
(150, 1865, 9, 4, 'Adoro a mistura de ação, comédia e fantasia', '2022-07-07 00:00:00'),
(151, 1865, 10, 3, 'Algumas sequências ficaram confusas, mas no geral gostei', '2022-08-20 00:00:00'),
(152, 1865, 11, 5, 'Um dos melhores filmes de aventura de todos os tempos', '2022-10-02 00:00:00'),
(153, 1865, 12, 4, 'Piratas do Caribe é diversão garantida', '2022-11-14 00:00:00'),
(154, 1865, 13, 3, 'Não me cativou tanto quanto eu esperava', '2022-12-27 00:00:00'),
(155, 1865, 14, 5, 'Um clássico contemporâneo que nunca canso de assistir', '2023-02-08 00:00:00'),
(156, 1865, 15, 2, 'Não faz muito meu estilo de filme, mas é bem feito', '2023-03-23 00:00:00'),
(158, 634649, 15, 5, 'Um dos melhores filmes do Homem-Aranha até agora', '2021-07-21 00:00:00'),
(159, 634649, 16, 4, 'Ótimas cenas de ação e uma história envolvente', '2021-08-05 00:00:00'),
(160, 634649, 17, 5, 'Surpresas, emoções e muita nostalgia', '2021-09-16 00:00:00'),
(161, 634649, 18, 3, 'Algumas partes são confusas, mas no geral gostei', '2021-10-29 00:00:00'),
(162, 634649, 19, 4, 'Tom Holland está perfeito como Peter Parker', '2021-12-02 00:00:00'),
(163, 634649, 20, 5, 'Uma conclusão épica para a trilogia do Homem-Aranha', '2022-01-15 00:00:00'),
(164, 634649, 21, 4, 'As interações entre os personagens são hilárias', '2022-02-28 00:00:00'),
(165, 634649, 22, 2, 'Esperava mais aprofundamento na história', '2022-04-12 00:00:00'),
(166, 634649, 23, 5, 'Recomendo para todos os fãs do Homem-Aranha', '2022-05-25 00:00:00'),
(167, 634649, 24, 4, 'Uma trama cheia de reviravoltas e momentos emocionantes', '2022-07-07 00:00:00'),
(168, 634649, 4, 3, 'Faltou um pouco de originalidade, mas ainda assim é divertido', '2022-08-20 00:00:00'),
(169, 634649, 5, 5, 'Uma verdadeira montanha-russa de emoções', '2022-10-02 00:00:00'),
(170, 634649, 6, 4, 'O universo do Homem-Aranha nunca decepciona', '2022-11-14 00:00:00'),
(171, 634649, 7, 3, 'Algumas cenas são incríveis, outras nem tanto', '2022-12-27 00:00:00'),
(172, 634649, 8, 5, 'Uma homenagem perfeita aos fãs do Homem-Aranha', '2023-02-08 00:00:00'),
(173, 634649, 9, 2, 'Não gostei das mudanças feitas nos personagens', '2023-03-23 00:00:00'),
(176, 361743, 9, 5, 'Um retorno emocionante ao mundo de Top Gun', '2021-07-21 00:00:00'),
(177, 361743, 10, 4, 'As cenas de voo são espetaculares', '2021-08-05 00:00:00'),
(178, 361743, 11, 5, 'Tom Cruise continua arrasando como Maverick', '2021-09-16 00:00:00'),
(179, 361743, 12, 3, 'Achei a trama um pouco previsível', '2021-10-29 00:00:00'),
(180, 361743, 13, 4, 'A nostalgia dos anos 80 está presente em cada cena', '2021-12-02 00:00:00'),
(181, 361743, 14, 5, 'Uma ótima sequência que honra o original', '2022-01-15 00:00:00'),
(182, 361743, 15, 4, 'As cenas de ação são de tirar o fôlego', '2022-02-28 00:00:00'),
(183, 361743, 16, 2, 'Não consegui me conectar com os personagens', '2022-04-12 00:00:00'),
(184, 361743, 17, 5, 'Recomendo para todos os fãs de filmes de ação', '2022-05-25 00:00:00'),
(185, 361743, 18, 4, 'Uma história de superação e coragem', '2022-07-07 00:00:00'),
(186, 361743, 19, 3, 'Faltou um pouco mais de desenvolvimento dos personagens', '2022-08-20 00:00:00'),
(187, 361743, 20, 5, 'Top Gun: Maverick é pura adrenalina do começo ao fim', '2022-10-02 00:00:00'),
(188, 361743, 21, 4, 'As cenas de voo são de tirar o fôlego', '2022-11-14 00:00:00'),
(189, 361743, 22, 3, 'Não atingiu minhas expectativas, mas ainda é um bom filme', '2022-12-27 00:00:00'),
(190, 361743, 23, 5, 'Tom Cruise ainda é o rei da ação', '2023-02-08 00:00:00'),
(191, 361743, 24, 2, 'Não me empolguei tanto quanto esperava', '2023-03-23 00:00:00'),
(193, 705861, 9, 4, 'Uma história inspiradora sobre perseverança', '2021-07-21 00:00:00'),
(194, 705861, 10, 5, 'Adam Sandler entrega uma atuação brilhante nesse filme', '2021-08-05 00:00:00'),
(195, 705861, 11, 3, 'Achei o ritmo do filme um pouco lento', '2021-09-16 00:00:00'),
(196, 705861, 12, 4, 'Gostei da mensagem motivacional transmitida pelo filme', '2021-10-29 00:00:00'),
(197, 705861, 13, 5, 'Um filme que te faz refletir sobre seus sonhos', '2021-12-02 00:00:00'),
(198, 705861, 14, 4, 'Adam Sandler mostra mais uma vez seu talento como ator', '2022-01-15 00:00:00'),
(199, 705861, 15, 5, 'Uma história emocionante e inspiradora', '2022-02-28 00:00:00'),
(200, 705861, 16, 2.3, 'Não me envolvi muito com a trama', '2022-04-12 00:00:00'),
(201, 705861, 17, 5, 'Recomendo para quem gosta de filmes motivacionais', '2022-05-25 00:00:00'),
(202, 705861, 18, 4, 'Uma jornada de superação e determinação', '2022-07-07 00:00:00'),
(203, 705861, 19, 3, 'Algumas partes do filme poderiam ser mais desenvolvidas', '2022-08-20 00:00:00'),
(204, 705861, 20, 5, 'Arremessando Alto é um filme que te inspira a correr atrás dos seus sonhos', '2022-10-02 00:00:00'),
(205, 705861, 21, 4, 'As performances dos atores são cativantes', '2022-11-14 00:00:00'),
(206, 705861, 22, 3, 'Esperava um pouco mais de originalidade na história', '2022-12-27 00:00:00'),
(207, 705861, 23, 5, 'Um filme que mostra a importância da persistência', '2023-02-08 00:00:00'),
(208, 705861, 24, 2, 'Não me conectei com os personagens', '2023-03-23 00:00:00');

--
-- Extraindo dados da tabela `post`
--

INSERT INTO `post` (`id`, `id_usuario`, `datac`, `texto`, `favorito`, `titulo`, `imagem`) VALUES
(17, 1, '2023-06-08 23:19:33', 'Estamos calvos de saber sobre viagem no tempo e multiverso, então agora os filmes já permitem passar para a aula número dois de física quântica. Em The Flash, um personagem usa espaguetes para ilustrar que, como o tempo não é linear, desvios de uma determinada linha temporal afetam não apenas o futuro mas também o passado. (Se um dia cometerem mesmo um remake de De Volta para o Futuro, toda a premissa do Paradoxo do Avô já poderia se atualizar com essa informação.) \r\n\r\nA questão é que a cena obrigatória do “minuto da ciência” em The Flash não se resume a fazer a exposição de um jeito didático. Depois de aprendermos sobre o espaço-tempo com os espaguetes cruzados, ainda vem a demonstração, com respingos de molho de tomate, de como a irresponsabilidade de Barry Allen coloca em risco todo o universo, risco esse que não impede o personagem de atacar a macarronada empratada, com barulho e voragem. O que começou como despejo de informação vira sacadinha de metalinguagem, para então concluir com uma punchline de cartum.\r\n\r\nEssa gradação de humor pode parecer uma coisa trivial, mas a cena do espaguete é ilustrativa de como The Flash leva a sério sua comédia. Todo o ótimo segundo ato, em que Ezra Miller interpreta dois Barry Allens do presente e do passado se conhecendo (o que torna The Flash tanto uma continuação esperada do Snyderverso quanto um filme de origem, fundacional de um novo tom, mais cartunesco), traz ecos de Billy Wilder e Sam Raimi na sua dinâmica caótica de dupla desengonçada. Miller encara essa proposta com o mesmo comprometimento que Robert Downey Jr. demonstrou no início do MCU: ciente de que a natureza das histórias de super-herói é cartunesca em essência, e que traduzir isso em cena depende de uma atuação acima de tudo performática.\r\n\r\nSe nos filmes da Marvel em geral o humor se tornou uma ferramenta de escape, para desarmar a gravidade de situações dramáticas que do contrário talvez parecessem definitivas demais (não por acaso a ironia e um certo descompromisso se tornam a norma na era de Taika Waititi e James Gunn para lidar com a fadiga do gênero), em The Flash o humor é o alicerce da dramaturgia toda. Faz sentido que seja assim, afinal estamos lidando com um personagem em luto (um jovem adulto que sequer tem o privilégio de ser o único órfão traumatizado em cena) em busca da sua infância perdida. Enquanto um filme como Shazam! trata a infância como análoga à imaturidade, The Flash vê na inocência roubada a razão de uma vida adulta neurótica, partida.\r\n\r\nDaí que The Flash talvez seja um filme com uma missão nada modesta, de raiz ontológica: atravessar e dissipar o nevoeiro cinza do cinismo que dominou o gênero nessa era da produção em massa, e que tirou da fabulação infantil o caráter do extraordinário. Ao mesmo tempo em que cede às concessões do mercado (resgatar as criações de Tim Burton é um golpe especialmente baixo para engatilhar a nostalgia de quem tomava em 1989 um primeiro contato com super-heróis de carne e osso na tela), The Flash combate o cinismo e toma esse resgate como a sua verdade maior. Então parece apenas apropriado que o filme reivindique para si o cartunesco, não apenas nas piadas e na performance de Miller mas também nas soluções visuais da fantasia (o cenário da Força de Aceleração presta indiretamente uma bonita homenagem ao recém-falecido George Pérez).\r\n\r\nAtravés do espelho\r\n\r\nNão é a primeira vez que eu começo uma crítica falando sobre o “minuto da ciência”, já havia feito isso em Tenet, e sou o primeiro a reconhecer a repetição. A história se repete de muitas formas; no exemplo de The Flash e do diretor Andy Muschietti, como já havia sido o caso com Sam Raimi na virada do milênio, foi preciso buscar no cinema de horror um nome capaz de desarmar a sisudez dos blockbusters para lhes devolver uma energia mais lúdica (do seu IT - A Coisa, Muschietti reaproveita aqui os muitos ângulos de contra-plongée que respondem por agigantar figuras, ressaltar caricaturas, renovar sensos de ameaça).\r\n\r\nA questão - como aprendem Barry Allen, Homem-Aranha e todo super-herói preso em narrativas de multiverso - é que parece difícil vislumbrar um futuro no gênero hoje para além da repetição e do eterno recomeço. As histórias de viagem no tempo e realidades paralelas se tornaram axiomáticas do filme de super-herói, como ocorreu nos quadrinhos nos anos 1980, e isso obviamente gera desgastes além da já falada fadiga do gênero. Um dos efeitos é que a figura do vilão nesses filmes, pouco mais do que funcional na maioria dos casos, agora se torna quase ociosa. Vale lembrar que o Homem-Aranha de Tom Holland cisma, em Sem Volta para Casa, que sua missão é tornar os vilões boas pessoas - ou seja, dar a esses personagens um novo sentido de existir, dada a obsolescência da profissão de vilão. \r\n\r\nAtravés do Aranhaverso reage a essa constatação com humor, fazendo do vilão Mancha - escolhido tanto pela funcionalidade do seu poder quanto pelo ridículo - pouco mais que um inconveniente nas poucas cenas em que ele aparece. Em The Flash, a opção é por exacerbar o efeito Dia da Marmota e esvaziar de autonomia o vilão e os coadjuvantes; em outras palavras, lida-se com a máquina, a própria repetição. Muschietti não está realizando um filme-ensaio literalmente como No Limite do Amanhã, mas essas escolhas em The Flash pelo menos dão à obrigatória pancadaria do terceiro ato um caráter renovado, de comentário. Não por acaso, os melhores momentos do filme envolvem o Flash respondendo meio desesperado, de modo metalinguístico, às próprias exigências do roteiro (como quando ele estica o braço e faz sua melhor imitação de Doc Brown para olhar o relógio e lembrar do horário em que o relâmpago cairá).\r\n\r\nNão é a primeira vez que a roteirista de The Flash, Christina Hodson, contrabandeia para dentro da trama esses comentários sobre a própria natureza dos esquemas; em Aves de Rapina, a batalha contra o Máscara Negra só ganha estatura de fato porque o vilão se desenha como avatar de um tipo de personagem hegemônico nessas narrativas masculinizadas; de novo, combate-se a máquina. De qualquer forma, se aproximar do gênero com um olhar revisionista ou já neoclassicista parece ser a única solução criativa para o ciclo da repetição. Tanto The Flash quanto Através do Aranhaverso atacam o problema existencial frontalmente: o segundo, como um caleidoscópio; o primeiro, como um simples espelho.\r\n\r\nO que traz de volta à figura de Ezra Miller, que afinal está personificando, duplicade diante de si e confundindo-se demais com sua controversa figura pública, essa crise de autoimagem que o gênero como um todo atravessa. O espelho é a ideia central aqui, elemento incorporado a The Flash não com simbolismos tipo surto-no-espelho-do-banheiro mas sim no próprio corpo do filme, na caracterização cartunesca autoconsciente, na dinâmica cômica entre os dois Barry Allens, na jornada de amadurecimento que se dá pela alteridade. Devolver uma luz ao blockbuster sombrio e realista talvez seja missão demais para um filme só, mas The Flash no mínimo se esmera em buscar sentido para as coisas, muitas delas deformadas pelo tempo, a começar pela empatia. ', 1, 'The Flash encara a crise de frente e com bom humor', '/6cc156bed3e980fa4752ea3e77a75451.jpg'),
(18, 1, '2023-06-08 23:58:53', 'A Imagem Filmes divulgou hoje (7) o trailer de Os Mercenários 4, novo filme da franquia com Sylvester Stallone e Jason Statham -- veja acima. Além disso, a distribuidora anunciou que o longa chega às salas nacionais em 21 de setembro. \r\n\r\nOs Mercenários 4 terá o retorno de Sylvester Stallone como Barney Ross, além dos veteranos da franquia Jason Statham (Lee Christmas), Dolph Lundgren (Gunner) e Randy Couture (Toll Road). As novidades, enquanto isso, ficam por conta de Megan Fox, Tony Jaa e Andy Garcia, além do rapper.\r\n\r\nScott Waugh (Need for Speed: O Filme) vai dirigir o quarto longa da saga, a partir de um roteiro assinado por Spencer Cohen (Extinção), Max Adams (Carga Preciosa) e John Joseph Connolly. \r\n\r\nOs Mercenários, que mostra uma gangue de assassinos de aluguel contratados para várias missões clandestinas, estreou em 2010 com o filme de mesmo nome, também dirigido e escrito por Stallone. Continuações foram lançadas em 2012 e 2014. Juntos, os três longas arrecadaram mais de U$ 800 milhões nas bilheterias mundiais.', 1, 'Os Mercenários 4 ganha trailer explosivo e data de estreia', '/38ab098be1ef449f020115281c61fce2.jpg');